{
    "experiment_config": {
        "learning_rate": 5e-05,
        "buffer_size": 200000,
        "learning_starts": 10000,
        "exploration_fraction": 0.2,
        "exploration_initial_eps": 0.5,
        "exploration_final_eps": 0.02,
        "name": "DQN_init_eps_0.5"
    },
    "evaluation_summary": {
        "mean_reward_over_all_runs": 450.27665179978413,
        "std_reward_over_all_runs": 1805.524236881959,
        "mean_reward_per_run": [
            -41.689083884219336,
            2116.410661005097,
            258.1294784367873,
            -41.063505158691605,
            -40.40429140005246
        ]
    }
}