{
    "experiment_config": {
        "learning_rate": 5e-05,
        "buffer_size": 200000,
        "learning_starts": 10000,
        "exploration_fraction": 0.8,
        "exploration_initial_eps": 0.7,
        "exploration_final_eps": 0.02,
        "name": "DQN_expl_frac_0.8"
    },
    "evaluation_summary": {
        "mean_reward_over_all_runs": -42.371966097168276,
        "std_reward_over_all_runs": 10.19608264045108,
        "mean_reward_per_run": [
            -42.478086882109636,
            -45.4838901045785,
            -39.370781451673274,
            -40.61584544302529,
            -43.91122660445467
        ]
    }
}