{
    "experiment_config": {
        "learning_rate": 5e-05,
        "buffer_size": 200000,
        "learning_starts": 10000,
        "exploration_fraction": 0.2,
        "exploration_initial_eps": 0.7,
        "exploration_final_eps": 0.02,
        "name": "DQN_init_eps_0.7"
    },
    "evaluation_summary": {
        "mean_reward_over_all_runs": 18.352627326499228,
        "std_reward_over_all_runs": 122.17004678473485,
        "mean_reward_per_run": [
            261.4022019246611,
            -45.69448292058148,
            -41.44067308053662,
            -42.15731767766316,
            -40.34659161338369
        ]
    }
}