{
    "experiment_config": {
        "learning_rate": 0.0001,
        "buffer_size": 200000,
        "learning_starts": 10000,
        "exploration_fraction": 0.2,
        "exploration_initial_eps": 0.7,
        "exploration_final_eps": 0.02,
        "name": "DQN_lr_0.0001"
    },
    "evaluation_summary": {
        "mean_reward_over_all_runs": -43.0232483766866,
        "std_reward_over_all_runs": 9.953422208251189,
        "mean_reward_per_run": [
            -43.144065537919005,
            -44.16011262334401,
            -43.73422685750094,
            -42.030896495153996,
            -42.04694036951501
        ]
    }
}