{
    "experiment_config": {
        "learning_rate": 5e-05,
        "buffer_size": 200000,
        "learning_starts": 10000,
        "exploration_fraction": 0.6,
        "exploration_initial_eps": 0.7,
        "exploration_final_eps": 0.02,
        "name": "DQN_expl_frac_0.6"
    },
    "evaluation_summary": {
        "mean_reward_over_all_runs": -41.84277524117954,
        "std_reward_over_all_runs": 9.739039801699827,
        "mean_reward_per_run": [
            -42.64602832129055,
            -42.89394410754219,
            -41.69212239179229,
            -39.43798394479092,
            -42.54379744048172
        ]
    }
}