{
    "experiment_config": {
        "learning_rate": 5e-05,
        "buffer_size": 200000,
        "learning_starts": 10000,
        "exploration_fraction": 0.2,
        "exploration_initial_eps": 0.7,
        "exploration_final_eps": 0.1,
        "name": "DQN_final_eps_0.1"
    },
    "evaluation_summary": {
        "mean_reward_over_all_runs": 116.23884665477652,
        "std_reward_over_all_runs": 373.87926370399146,
        "mean_reward_per_run": [
            -40.92659536101833,
            -42.60723143853267,
            -44.32031294181863,
            752.4654027913067,
            -43.41702977605425
        ]
    }
}