{
    "experiment_config": {
        "learning_rate": 5e-05,
        "buffer_size": 50000,
        "learning_starts": 10000,
        "exploration_fraction": 0.2,
        "exploration_initial_eps": 0.7,
        "exploration_final_eps": 0.02,
        "name": "DQN_buffer_50000"
    },
    "evaluation_summary": {
        "mean_reward_over_all_runs": -16.688819236283894,
        "std_reward_over_all_runs": 53.57058914100205,
        "mean_reward_per_run": [
            -41.55542684928227,
            -43.775717322801526,
            -39.77276195119761,
            86.00932376378597,
            -44.349513821924056
        ]
    }
}