{
    "experiment_config": {
        "learning_rate": 5e-05,
        "buffer_size": 200000,
        "learning_starts": 10000,
        "exploration_fraction": 0.2,
        "exploration_initial_eps": 0.7,
        "exploration_final_eps": 0.02,
        "name": "DQN_buffer_200000"
    },
    "evaluation_summary": {
        "mean_reward_over_all_runs": 15.906860389858588,
        "std_reward_over_all_runs": 120.14112867783466,
        "mean_reward_per_run": [
            244.20793464999943,
            -43.428165524659626,
            -42.87924296732556,
            -37.36350182927161,
            -41.00272237944967
        ]
    }
}