{
    "experiment_config": {
        "learning_rate": 5e-05,
        "buffer_size": 200000,
        "learning_starts": 10000,
        "exploration_fraction": 0.2,
        "exploration_initial_eps": 1.0,
        "exploration_final_eps": 0.02,
        "name": "DQN_init_eps_1.0"
    },
    "evaluation_summary": {
        "mean_reward_over_all_runs": 419.1619788179008,
        "std_reward_over_all_runs": 1083.0335413523044,
        "mean_reward_per_run": [
            -43.70228685007624,
            -40.65893464776362,
            -42.904316679118914,
            2262.667932826212,
            -39.59250055974885
        ]
    }
}