{
    "experiment_config": {
        "learning_rate": 5e-05,
        "buffer_size": 200000,
        "learning_starts": 10000,
        "exploration_fraction": 0.2,
        "exploration_initial_eps": 0.7,
        "exploration_final_eps": 0.05,
        "name": "DQN_final_eps_0.05"
    },
    "evaluation_summary": {
        "mean_reward_over_all_runs": -43.55715644416215,
        "std_reward_over_all_runs": 10.629680141423556,
        "mean_reward_per_run": [
            -42.69879246777391,
            -44.18971383622861,
            -41.901238288297506,
            -47.08960828456818,
            -41.906429343942555
        ]
    }
}