{
    "experiment_config": {
        "learning_rate": 5e-05,
        "buffer_size": 200000,
        "learning_starts": 10000,
        "exploration_fraction": 0.2,
        "exploration_initial_eps": 0.7,
        "exploration_final_eps": 0.02,
        "name": "DQN_expl_frac_0.2"
    },
    "evaluation_summary": {
        "mean_reward_over_all_runs": 14.552136433949675,
        "std_reward_over_all_runs": 119.35466517897251,
        "mean_reward_per_run": [
            241.46411706189022,
            -38.8514233521994,
            -42.0752778712242,
            -46.99788425054968,
            -40.77884941816858
        ]
    }
}